HLAGene	HLA_A1	HLA_A2	HLA_A1_CN	HLA_A1_CN_Lower	HLA_A1_CN_Upper	HLA_A2_CN	HLA_A2_CN_Lower	HLA_A2_CN_Upper	HLA_A1_Median_LogR	HLA_A2_Median_LogR	HLA_A1_MM_Median_LogR	HLA_A2_MM_Median_LogR	MM_LogR_Paired_Pvalue	Median_BAF	Num_MM	Num_Bins	Num_Bins_Used	Num_CN_Loss_Supporting_Bins
hla_a	hla_a_11_02_01	hla_a_30_01_01	1.0098	0.947	1.0544	0.0822	0.0733	0.0876	-0.178223189468522	-3.92110816782047	-0.148736947609187	-4.0849617603817	3.0448166060963e-55	0.928938647559337	51	23	15	15
hla_b	hla_b_35_01_01_01	hla_b_46_01_01	0.9798	0.945	1.0498	0.9888	0.9586	1.0119	-0.245469325062931	-0.248737088348577	-0.235770498939418	-0.270534209346407	0.513709064494186	0.497749414676567	63	22	17	0
hla_c	hla_c_02_02_01	hla_c_12_02_01	2.8118	2.7587	2.9588	1.0219	0.9847	1.0582	1.30809797938269	-0.273998690300311	1.30434102782337	-0.259027430357653	1.16336666978437e-27	0.736078453069241	27	22	17	17
