HLAGene	HLA_A1	HLA_A2	HLA_A1_CN	HLA_A1_CN_Lower	HLA_A1_CN_Upper	HLA_A2_CN	HLA_A2_CN_Lower	HLA_A2_CN_Upper	HLA_A1_Median_LogR	HLA_A2_Median_LogR	HLA_A1_MM_Median_LogR	HLA_A2_MM_Median_LogR	MM_LogR_Paired_Pvalue	Median_BAF	Num_MM	Num_Bins	Num_MM_Bins	Num_A1_Loss_Supporting_Bins	Num_A2_Loss_Supporting_Bins	Num_CN_Diff_Supporting_Bins
hla_a	hla_a_11_02_01	hla_a_30_01_01	0.9684	0.918	1.0026	0.9665	0.9164	1.0198	0.22987708245152	0.22294228424432	0.246483096968775	0.21742046602231	0.290732009355825	0.493194365027847	51	23	15	0	0	0
hla_b	hla_b_35_01_01_01	hla_b_46_01_01	1.8979	1.8494	1.9863	0.9873	0.9439	1.0209	1.20006814596343	0.241536161086177	1.21247545095194	0.23791961399996	6.62928758149311e-55	0.65142058775767	63	22	17	0	0	17
hla_c	hla_c_02_02_01	hla_c_12_02_01	0.0494	0.0421	0.0555	0.0337	0.0289	0.0388	-4.04966405599012	-4.60775085071988	-3.95977855247293	-4.58982894272262	9.74869771273115e-06	0.592592592592593	27	22	17	17	17	0
